Initial state,P(Loser = Player 1)
"(11, 19, 48)",0.5334260883828699
"(10, 19, 48)",0.5333426632230114
"(10, 20, 48)",0.5539875948369078
