Initial state,P(Loser = Player 1)
"(13, 25, 63)",0.5335740856592848
"(14, 25, 63)",0.534598505539718
